{
  "accuracy": 0.9705882352941176,
  "precision": 0.9726890756302521,
  "recall": 0.9705882352941176,
  "f1_score": 0.9707127295362588,
  "cohen_kappa": 0.9484066767830046,
  "roc_auc": 0.9985994397759103
}